--
-- PostgreSQL database dump
--

-- Dumped from database version 16.2
-- Dumped by pg_dump version 16.3

-- Started on 2024-12-20 22:17:25

SET statement_timeout = 0;
SET lock_timeout = 0;
SET idle_in_transaction_session_timeout = 0;
SET client_encoding = 'UTF8';
SET standard_conforming_strings = on;
SELECT pg_catalog.set_config('search_path', '', false);
SET check_function_bodies = false;
SET xmloption = content;
SET client_min_messages = warning;
SET row_security = off;

SET default_tablespace = '';

SET default_table_access_method = heap;

--
-- TOC entry 222 (class 1259 OID 35507)
-- Name: auth_group; Type: TABLE; Schema: public; Owner: postgres
--

CREATE TABLE public.auth_group (
    id integer NOT NULL,
    name character varying(150) NOT NULL
);


ALTER TABLE public.auth_group OWNER TO postgres;

--
-- TOC entry 221 (class 1259 OID 35506)
-- Name: auth_group_id_seq; Type: SEQUENCE; Schema: public; Owner: postgres
--

ALTER TABLE public.auth_group ALTER COLUMN id ADD GENERATED BY DEFAULT AS IDENTITY (
    SEQUENCE NAME public.auth_group_id_seq
    START WITH 1
    INCREMENT BY 1
    NO MINVALUE
    NO MAXVALUE
    CACHE 1
);


--
-- TOC entry 224 (class 1259 OID 35515)
-- Name: auth_group_permissions; Type: TABLE; Schema: public; Owner: postgres
--

CREATE TABLE public.auth_group_permissions (
    id bigint NOT NULL,
    group_id integer NOT NULL,
    permission_id integer NOT NULL
);


ALTER TABLE public.auth_group_permissions OWNER TO postgres;

--
-- TOC entry 223 (class 1259 OID 35514)
-- Name: auth_group_permissions_id_seq; Type: SEQUENCE; Schema: public; Owner: postgres
--

ALTER TABLE public.auth_group_permissions ALTER COLUMN id ADD GENERATED BY DEFAULT AS IDENTITY (
    SEQUENCE NAME public.auth_group_permissions_id_seq
    START WITH 1
    INCREMENT BY 1
    NO MINVALUE
    NO MAXVALUE
    CACHE 1
);


--
-- TOC entry 220 (class 1259 OID 35501)
-- Name: auth_permission; Type: TABLE; Schema: public; Owner: postgres
--

CREATE TABLE public.auth_permission (
    id integer NOT NULL,
    name character varying(255) NOT NULL,
    content_type_id integer NOT NULL,
    codename character varying(100) NOT NULL
);


ALTER TABLE public.auth_permission OWNER TO postgres;

--
-- TOC entry 219 (class 1259 OID 35500)
-- Name: auth_permission_id_seq; Type: SEQUENCE; Schema: public; Owner: postgres
--

ALTER TABLE public.auth_permission ALTER COLUMN id ADD GENERATED BY DEFAULT AS IDENTITY (
    SEQUENCE NAME public.auth_permission_id_seq
    START WITH 1
    INCREMENT BY 1
    NO MINVALUE
    NO MAXVALUE
    CACHE 1
);


--
-- TOC entry 226 (class 1259 OID 35521)
-- Name: auth_user; Type: TABLE; Schema: public; Owner: postgres
--

CREATE TABLE public.auth_user (
    id integer NOT NULL,
    password character varying(128) NOT NULL,
    last_login timestamp with time zone,
    is_superuser boolean NOT NULL,
    username character varying(150) NOT NULL,
    first_name character varying(150) NOT NULL,
    last_name character varying(150) NOT NULL,
    email character varying(254) NOT NULL,
    is_staff boolean NOT NULL,
    is_active boolean NOT NULL,
    date_joined timestamp with time zone NOT NULL,
    activo boolean NOT NULL
);


ALTER TABLE public.auth_user OWNER TO postgres;

--
-- TOC entry 228 (class 1259 OID 35529)
-- Name: auth_user_groups; Type: TABLE; Schema: public; Owner: postgres
--

CREATE TABLE public.auth_user_groups (
    id bigint NOT NULL,
    user_id integer NOT NULL,
    group_id integer NOT NULL
);


ALTER TABLE public.auth_user_groups OWNER TO postgres;

--
-- TOC entry 227 (class 1259 OID 35528)
-- Name: auth_user_groups_id_seq; Type: SEQUENCE; Schema: public; Owner: postgres
--

ALTER TABLE public.auth_user_groups ALTER COLUMN id ADD GENERATED BY DEFAULT AS IDENTITY (
    SEQUENCE NAME public.auth_user_groups_id_seq
    START WITH 1
    INCREMENT BY 1
    NO MINVALUE
    NO MAXVALUE
    CACHE 1
);


--
-- TOC entry 225 (class 1259 OID 35520)
-- Name: auth_user_id_seq; Type: SEQUENCE; Schema: public; Owner: postgres
--

ALTER TABLE public.auth_user ALTER COLUMN id ADD GENERATED BY DEFAULT AS IDENTITY (
    SEQUENCE NAME public.auth_user_id_seq
    START WITH 1
    INCREMENT BY 1
    NO MINVALUE
    NO MAXVALUE
    CACHE 1
);


--
-- TOC entry 230 (class 1259 OID 35535)
-- Name: auth_user_user_permissions; Type: TABLE; Schema: public; Owner: postgres
--

CREATE TABLE public.auth_user_user_permissions (
    id bigint NOT NULL,
    user_id integer NOT NULL,
    permission_id integer NOT NULL
);


ALTER TABLE public.auth_user_user_permissions OWNER TO postgres;

--
-- TOC entry 229 (class 1259 OID 35534)
-- Name: auth_user_user_permissions_id_seq; Type: SEQUENCE; Schema: public; Owner: postgres
--

ALTER TABLE public.auth_user_user_permissions ALTER COLUMN id ADD GENERATED BY DEFAULT AS IDENTITY (
    SEQUENCE NAME public.auth_user_user_permissions_id_seq
    START WITH 1
    INCREMENT BY 1
    NO MINVALUE
    NO MAXVALUE
    CACHE 1
);


--
-- TOC entry 232 (class 1259 OID 35593)
-- Name: django_admin_log; Type: TABLE; Schema: public; Owner: postgres
--

CREATE TABLE public.django_admin_log (
    id integer NOT NULL,
    action_time timestamp with time zone NOT NULL,
    object_id text,
    object_repr character varying(200) NOT NULL,
    action_flag smallint NOT NULL,
    change_message text NOT NULL,
    content_type_id integer,
    user_id integer NOT NULL,
    CONSTRAINT django_admin_log_action_flag_check CHECK ((action_flag >= 0))
);


ALTER TABLE public.django_admin_log OWNER TO postgres;

--
-- TOC entry 231 (class 1259 OID 35592)
-- Name: django_admin_log_id_seq; Type: SEQUENCE; Schema: public; Owner: postgres
--

ALTER TABLE public.django_admin_log ALTER COLUMN id ADD GENERATED BY DEFAULT AS IDENTITY (
    SEQUENCE NAME public.django_admin_log_id_seq
    START WITH 1
    INCREMENT BY 1
    NO MINVALUE
    NO MAXVALUE
    CACHE 1
);


--
-- TOC entry 218 (class 1259 OID 35493)
-- Name: django_content_type; Type: TABLE; Schema: public; Owner: postgres
--

CREATE TABLE public.django_content_type (
    id integer NOT NULL,
    app_label character varying(100) NOT NULL,
    model character varying(100) NOT NULL
);


ALTER TABLE public.django_content_type OWNER TO postgres;

--
-- TOC entry 217 (class 1259 OID 35492)
-- Name: django_content_type_id_seq; Type: SEQUENCE; Schema: public; Owner: postgres
--

ALTER TABLE public.django_content_type ALTER COLUMN id ADD GENERATED BY DEFAULT AS IDENTITY (
    SEQUENCE NAME public.django_content_type_id_seq
    START WITH 1
    INCREMENT BY 1
    NO MINVALUE
    NO MAXVALUE
    CACHE 1
);


--
-- TOC entry 216 (class 1259 OID 35485)
-- Name: django_migrations; Type: TABLE; Schema: public; Owner: postgres
--

CREATE TABLE public.django_migrations (
    id bigint NOT NULL,
    app character varying(255) NOT NULL,
    name character varying(255) NOT NULL,
    applied timestamp with time zone NOT NULL
);


ALTER TABLE public.django_migrations OWNER TO postgres;

--
-- TOC entry 215 (class 1259 OID 35484)
-- Name: django_migrations_id_seq; Type: SEQUENCE; Schema: public; Owner: postgres
--

ALTER TABLE public.django_migrations ALTER COLUMN id ADD GENERATED BY DEFAULT AS IDENTITY (
    SEQUENCE NAME public.django_migrations_id_seq
    START WITH 1
    INCREMENT BY 1
    NO MINVALUE
    NO MAXVALUE
    CACHE 1
);


--
-- TOC entry 237 (class 1259 OID 35688)
-- Name: django_session; Type: TABLE; Schema: public; Owner: postgres
--

CREATE TABLE public.django_session (
    session_key character varying(40) NOT NULL,
    session_data text NOT NULL,
    expire_date timestamp with time zone NOT NULL
);


ALTER TABLE public.django_session OWNER TO postgres;

--
-- TOC entry 234 (class 1259 OID 35622)
-- Name: empleados_criterioevaluacion; Type: TABLE; Schema: public; Owner: postgres
--

CREATE TABLE public.empleados_criterioevaluacion (
    id bigint NOT NULL,
    rol_id bigint NOT NULL,
    denominacion character varying(200) NOT NULL
);


ALTER TABLE public.empleados_criterioevaluacion OWNER TO postgres;

--
-- TOC entry 233 (class 1259 OID 35621)
-- Name: empleados_criterioevaluacion_id_seq; Type: SEQUENCE; Schema: public; Owner: postgres
--

ALTER TABLE public.empleados_criterioevaluacion ALTER COLUMN id ADD GENERATED BY DEFAULT AS IDENTITY (
    SEQUENCE NAME public.empleados_criterioevaluacion_id_seq
    START WITH 1
    INCREMENT BY 1
    NO MINVALUE
    NO MAXVALUE
    CACHE 1
);


--
-- TOC entry 239 (class 1259 OID 35700)
-- Name: empleados_departamento; Type: TABLE; Schema: public; Owner: postgres
--

CREATE TABLE public.empleados_departamento (
    id bigint NOT NULL,
    denominacion character varying(100) NOT NULL
);


ALTER TABLE public.empleados_departamento OWNER TO postgres;

--
-- TOC entry 238 (class 1259 OID 35699)
-- Name: empleados_departamento_id_seq; Type: SEQUENCE; Schema: public; Owner: postgres
--

ALTER TABLE public.empleados_departamento ALTER COLUMN id ADD GENERATED BY DEFAULT AS IDENTITY (
    SEQUENCE NAME public.empleados_departamento_id_seq
    START WITH 1
    INCREMENT BY 1
    NO MINVALUE
    NO MAXVALUE
    CACHE 1
);


--
-- TOC entry 236 (class 1259 OID 35630)
-- Name: empleados_empleado; Type: TABLE; Schema: public; Owner: postgres
--

CREATE TABLE public.empleados_empleado (
    id bigint NOT NULL,
    departamento_id bigint,
    habilidades text NOT NULL,
    aptitudes text NOT NULL,
    competencias text NOT NULL,
    user_id integer NOT NULL,
    rol_id bigint
);


ALTER TABLE public.empleados_empleado OWNER TO postgres;

--
-- TOC entry 235 (class 1259 OID 35629)
-- Name: empleados_empleado_id_seq; Type: SEQUENCE; Schema: public; Owner: postgres
--

ALTER TABLE public.empleados_empleado ALTER COLUMN id ADD GENERATED BY DEFAULT AS IDENTITY (
    SEQUENCE NAME public.empleados_empleado_id_seq
    START WITH 1
    INCREMENT BY 1
    NO MINVALUE
    NO MAXVALUE
    CACHE 1
);


--
-- TOC entry 243 (class 1259 OID 35742)
-- Name: empleados_evaluacion; Type: TABLE; Schema: public; Owner: postgres
--

CREATE TABLE public.empleados_evaluacion (
    id bigint NOT NULL,
    fecha date NOT NULL,
    mes_inicial date NOT NULL,
    mes_final date NOT NULL,
    autor_id integer NOT NULL
);


ALTER TABLE public.empleados_evaluacion OWNER TO postgres;

--
-- TOC entry 242 (class 1259 OID 35741)
-- Name: empleados_evaluacion_id_seq; Type: SEQUENCE; Schema: public; Owner: postgres
--

ALTER TABLE public.empleados_evaluacion ALTER COLUMN id ADD GENERATED BY DEFAULT AS IDENTITY (
    SEQUENCE NAME public.empleados_evaluacion_id_seq
    START WITH 1
    INCREMENT BY 1
    NO MINVALUE
    NO MAXVALUE
    CACHE 1
);


--
-- TOC entry 245 (class 1259 OID 35748)
-- Name: empleados_evaluaciondetalle; Type: TABLE; Schema: public; Owner: postgres
--

CREATE TABLE public.empleados_evaluaciondetalle (
    id bigint NOT NULL,
    puntuacion integer NOT NULL,
    criterio_id bigint NOT NULL,
    empleado_id bigint NOT NULL,
    evaluacion_id bigint NOT NULL
);


ALTER TABLE public.empleados_evaluaciondetalle OWNER TO postgres;

--
-- TOC entry 244 (class 1259 OID 35747)
-- Name: empleados_evaluaciondetalle_id_seq; Type: SEQUENCE; Schema: public; Owner: postgres
--

ALTER TABLE public.empleados_evaluaciondetalle ALTER COLUMN id ADD GENERATED BY DEFAULT AS IDENTITY (
    SEQUENCE NAME public.empleados_evaluaciondetalle_id_seq
    START WITH 1
    INCREMENT BY 1
    NO MINVALUE
    NO MAXVALUE
    CACHE 1
);


--
-- TOC entry 241 (class 1259 OID 35719)
-- Name: empleados_rolempleado; Type: TABLE; Schema: public; Owner: postgres
--

CREATE TABLE public.empleados_rolempleado (
    id bigint NOT NULL,
    denominacion character varying(100) NOT NULL
);


ALTER TABLE public.empleados_rolempleado OWNER TO postgres;

--
-- TOC entry 240 (class 1259 OID 35718)
-- Name: empleados_rolempleado_id_seq; Type: SEQUENCE; Schema: public; Owner: postgres
--

ALTER TABLE public.empleados_rolempleado ALTER COLUMN id ADD GENERATED BY DEFAULT AS IDENTITY (
    SEQUENCE NAME public.empleados_rolempleado_id_seq
    START WITH 1
    INCREMENT BY 1
    NO MINVALUE
    NO MAXVALUE
    CACHE 1
);


--
-- TOC entry 5000 (class 0 OID 35507)
-- Dependencies: 222
-- Data for Name: auth_group; Type: TABLE DATA; Schema: public; Owner: postgres
--



--
-- TOC entry 5002 (class 0 OID 35515)
-- Dependencies: 224
-- Data for Name: auth_group_permissions; Type: TABLE DATA; Schema: public; Owner: postgres
--



--
-- TOC entry 4998 (class 0 OID 35501)
-- Dependencies: 220
-- Data for Name: auth_permission; Type: TABLE DATA; Schema: public; Owner: postgres
--

INSERT INTO public.auth_permission (id, name, content_type_id, codename) VALUES (1, 'Can add log entry', 1, 'add_logentry');
INSERT INTO public.auth_permission (id, name, content_type_id, codename) VALUES (2, 'Can change log entry', 1, 'change_logentry');
INSERT INTO public.auth_permission (id, name, content_type_id, codename) VALUES (3, 'Can delete log entry', 1, 'delete_logentry');
INSERT INTO public.auth_permission (id, name, content_type_id, codename) VALUES (4, 'Can view log entry', 1, 'view_logentry');
INSERT INTO public.auth_permission (id, name, content_type_id, codename) VALUES (5, 'Can add permission', 2, 'add_permission');
INSERT INTO public.auth_permission (id, name, content_type_id, codename) VALUES (6, 'Can change permission', 2, 'change_permission');
INSERT INTO public.auth_permission (id, name, content_type_id, codename) VALUES (7, 'Can delete permission', 2, 'delete_permission');
INSERT INTO public.auth_permission (id, name, content_type_id, codename) VALUES (8, 'Can view permission', 2, 'view_permission');
INSERT INTO public.auth_permission (id, name, content_type_id, codename) VALUES (9, 'Can add group', 3, 'add_group');
INSERT INTO public.auth_permission (id, name, content_type_id, codename) VALUES (10, 'Can change group', 3, 'change_group');
INSERT INTO public.auth_permission (id, name, content_type_id, codename) VALUES (11, 'Can delete group', 3, 'delete_group');
INSERT INTO public.auth_permission (id, name, content_type_id, codename) VALUES (12, 'Can view group', 3, 'view_group');
INSERT INTO public.auth_permission (id, name, content_type_id, codename) VALUES (13, 'Can add user', 4, 'add_user');
INSERT INTO public.auth_permission (id, name, content_type_id, codename) VALUES (14, 'Can change user', 4, 'change_user');
INSERT INTO public.auth_permission (id, name, content_type_id, codename) VALUES (15, 'Can delete user', 4, 'delete_user');
INSERT INTO public.auth_permission (id, name, content_type_id, codename) VALUES (16, 'Can view user', 4, 'view_user');
INSERT INTO public.auth_permission (id, name, content_type_id, codename) VALUES (17, 'Can add content type', 5, 'add_contenttype');
INSERT INTO public.auth_permission (id, name, content_type_id, codename) VALUES (18, 'Can change content type', 5, 'change_contenttype');
INSERT INTO public.auth_permission (id, name, content_type_id, codename) VALUES (19, 'Can delete content type', 5, 'delete_contenttype');
INSERT INTO public.auth_permission (id, name, content_type_id, codename) VALUES (20, 'Can view content type', 5, 'view_contenttype');
INSERT INTO public.auth_permission (id, name, content_type_id, codename) VALUES (21, 'Can add session', 6, 'add_session');
INSERT INTO public.auth_permission (id, name, content_type_id, codename) VALUES (22, 'Can change session', 6, 'change_session');
INSERT INTO public.auth_permission (id, name, content_type_id, codename) VALUES (23, 'Can delete session', 6, 'delete_session');
INSERT INTO public.auth_permission (id, name, content_type_id, codename) VALUES (24, 'Can view session', 6, 'view_session');
INSERT INTO public.auth_permission (id, name, content_type_id, codename) VALUES (25, 'Can add criterio evaluacion', 7, 'add_criterioevaluacion');
INSERT INTO public.auth_permission (id, name, content_type_id, codename) VALUES (26, 'Can change criterio evaluacion', 7, 'change_criterioevaluacion');
INSERT INTO public.auth_permission (id, name, content_type_id, codename) VALUES (27, 'Can delete criterio evaluacion', 7, 'delete_criterioevaluacion');
INSERT INTO public.auth_permission (id, name, content_type_id, codename) VALUES (28, 'Can view criterio evaluacion', 7, 'view_criterioevaluacion');
INSERT INTO public.auth_permission (id, name, content_type_id, codename) VALUES (29, 'Can add empleado', 8, 'add_empleado');
INSERT INTO public.auth_permission (id, name, content_type_id, codename) VALUES (30, 'Can change empleado', 8, 'change_empleado');
INSERT INTO public.auth_permission (id, name, content_type_id, codename) VALUES (31, 'Can delete empleado', 8, 'delete_empleado');
INSERT INTO public.auth_permission (id, name, content_type_id, codename) VALUES (32, 'Can view empleado', 8, 'view_empleado');
INSERT INTO public.auth_permission (id, name, content_type_id, codename) VALUES (33, 'Can add evaluacion', 9, 'add_evaluacion');
INSERT INTO public.auth_permission (id, name, content_type_id, codename) VALUES (34, 'Can change evaluacion', 9, 'change_evaluacion');
INSERT INTO public.auth_permission (id, name, content_type_id, codename) VALUES (35, 'Can delete evaluacion', 9, 'delete_evaluacion');
INSERT INTO public.auth_permission (id, name, content_type_id, codename) VALUES (36, 'Can view evaluacion', 9, 'view_evaluacion');
INSERT INTO public.auth_permission (id, name, content_type_id, codename) VALUES (37, 'Can add logro', 10, 'add_logro');
INSERT INTO public.auth_permission (id, name, content_type_id, codename) VALUES (38, 'Can change logro', 10, 'change_logro');
INSERT INTO public.auth_permission (id, name, content_type_id, codename) VALUES (39, 'Can delete logro', 10, 'delete_logro');
INSERT INTO public.auth_permission (id, name, content_type_id, codename) VALUES (40, 'Can view logro', 10, 'view_logro');
INSERT INTO public.auth_permission (id, name, content_type_id, codename) VALUES (41, 'Can add ranking', 11, 'add_ranking');
INSERT INTO public.auth_permission (id, name, content_type_id, codename) VALUES (42, 'Can change ranking', 11, 'change_ranking');
INSERT INTO public.auth_permission (id, name, content_type_id, codename) VALUES (43, 'Can delete ranking', 11, 'delete_ranking');
INSERT INTO public.auth_permission (id, name, content_type_id, codename) VALUES (44, 'Can view ranking', 11, 'view_ranking');
INSERT INTO public.auth_permission (id, name, content_type_id, codename) VALUES (45, 'Can add departamento', 12, 'add_departamento');
INSERT INTO public.auth_permission (id, name, content_type_id, codename) VALUES (46, 'Can change departamento', 12, 'change_departamento');
INSERT INTO public.auth_permission (id, name, content_type_id, codename) VALUES (47, 'Can delete departamento', 12, 'delete_departamento');
INSERT INTO public.auth_permission (id, name, content_type_id, codename) VALUES (48, 'Can view departamento', 12, 'view_departamento');
INSERT INTO public.auth_permission (id, name, content_type_id, codename) VALUES (49, 'Can add rol empleado', 13, 'add_rolempleado');
INSERT INTO public.auth_permission (id, name, content_type_id, codename) VALUES (50, 'Can change rol empleado', 13, 'change_rolempleado');
INSERT INTO public.auth_permission (id, name, content_type_id, codename) VALUES (51, 'Can delete rol empleado', 13, 'delete_rolempleado');
INSERT INTO public.auth_permission (id, name, content_type_id, codename) VALUES (52, 'Can view rol empleado', 13, 'view_rolempleado');
INSERT INTO public.auth_permission (id, name, content_type_id, codename) VALUES (53, 'Can add evaluacion detalle', 14, 'add_evaluaciondetalle');
INSERT INTO public.auth_permission (id, name, content_type_id, codename) VALUES (54, 'Can change evaluacion detalle', 14, 'change_evaluaciondetalle');
INSERT INTO public.auth_permission (id, name, content_type_id, codename) VALUES (55, 'Can delete evaluacion detalle', 14, 'delete_evaluaciondetalle');
INSERT INTO public.auth_permission (id, name, content_type_id, codename) VALUES (56, 'Can view evaluacion detalle', 14, 'view_evaluaciondetalle');


--
-- TOC entry 5004 (class 0 OID 35521)
-- Dependencies: 226
-- Data for Name: auth_user; Type: TABLE DATA; Schema: public; Owner: postgres
--

INSERT INTO public.auth_user (id, password, last_login, is_superuser, username, first_name, last_name, email, is_staff, is_active, date_joined, activo) VALUES (2, '', NULL, false, 'paco', 'Paco', 'Perico', 'ppa@jsjs.com', false, true, '2024-12-17 21:27:07.747603-05', false);
INSERT INTO public.auth_user (id, password, last_login, is_superuser, username, first_name, last_name, email, is_staff, is_active, date_joined, activo) VALUES (1, 'pbkdf2_sha256$870000$p6sPpVOkgNemVNB2Pv7PZi$reAIoRobW7oJ6l61dsFJzgULGQDF5QGCgAEhMmfdlcA=', '2024-12-20 18:16:51.689866-05', true, 'admin', '', '', 'admin@destacados.cu', true, true, '2024-12-17 19:58:12.130775-05', true);
INSERT INTO public.auth_user (id, password, last_login, is_superuser, username, first_name, last_name, email, is_staff, is_active, date_joined, activo) VALUES (3, '', NULL, false, 'sds', 'paco', 'perez', 'a.irsula.t@gmail.com', false, true, '2024-12-17 23:50:56.063258-05', false);
INSERT INTO public.auth_user (id, password, last_login, is_superuser, username, first_name, last_name, email, is_staff, is_active, date_joined, activo) VALUES (4, '', NULL, false, 'frank', 'Frank', 'Perez Perez', 'frank@uci.cu', false, true, '2024-12-20 18:49:03.368947-05', true);
INSERT INTO public.auth_user (id, password, last_login, is_superuser, username, first_name, last_name, email, is_staff, is_active, date_joined, activo) VALUES (5, '', NULL, false, 'pedro', 'Pedro', 'Julio Julio', 'pedro@uci.com', false, true, '2024-12-20 19:08:32.685109-05', true);


--
-- TOC entry 5006 (class 0 OID 35529)
-- Dependencies: 228
-- Data for Name: auth_user_groups; Type: TABLE DATA; Schema: public; Owner: postgres
--



--
-- TOC entry 5008 (class 0 OID 35535)
-- Dependencies: 230
-- Data for Name: auth_user_user_permissions; Type: TABLE DATA; Schema: public; Owner: postgres
--



--
-- TOC entry 5010 (class 0 OID 35593)
-- Dependencies: 232
-- Data for Name: django_admin_log; Type: TABLE DATA; Schema: public; Owner: postgres
--



--
-- TOC entry 4996 (class 0 OID 35493)
-- Dependencies: 218
-- Data for Name: django_content_type; Type: TABLE DATA; Schema: public; Owner: postgres
--

INSERT INTO public.django_content_type (id, app_label, model) VALUES (1, 'admin', 'logentry');
INSERT INTO public.django_content_type (id, app_label, model) VALUES (2, 'auth', 'permission');
INSERT INTO public.django_content_type (id, app_label, model) VALUES (3, 'auth', 'group');
INSERT INTO public.django_content_type (id, app_label, model) VALUES (4, 'auth', 'user');
INSERT INTO public.django_content_type (id, app_label, model) VALUES (5, 'contenttypes', 'contenttype');
INSERT INTO public.django_content_type (id, app_label, model) VALUES (6, 'sessions', 'session');
INSERT INTO public.django_content_type (id, app_label, model) VALUES (7, 'empleados', 'criterioevaluacion');
INSERT INTO public.django_content_type (id, app_label, model) VALUES (8, 'empleados', 'empleado');
INSERT INTO public.django_content_type (id, app_label, model) VALUES (9, 'empleados', 'evaluacion');
INSERT INTO public.django_content_type (id, app_label, model) VALUES (10, 'empleados', 'logro');
INSERT INTO public.django_content_type (id, app_label, model) VALUES (11, 'empleados', 'ranking');
INSERT INTO public.django_content_type (id, app_label, model) VALUES (12, 'empleados', 'departamento');
INSERT INTO public.django_content_type (id, app_label, model) VALUES (13, 'empleados', 'rolempleado');
INSERT INTO public.django_content_type (id, app_label, model) VALUES (14, 'empleados', 'evaluaciondetalle');


--
-- TOC entry 4994 (class 0 OID 35485)
-- Dependencies: 216
-- Data for Name: django_migrations; Type: TABLE DATA; Schema: public; Owner: postgres
--

INSERT INTO public.django_migrations (id, app, name, applied) VALUES (1, 'contenttypes', '0001_initial', '2024-12-17 19:55:15.085998-05');
INSERT INTO public.django_migrations (id, app, name, applied) VALUES (2, 'auth', '0001_initial', '2024-12-17 19:55:15.199093-05');
INSERT INTO public.django_migrations (id, app, name, applied) VALUES (3, 'admin', '0001_initial', '2024-12-17 19:55:15.228513-05');
INSERT INTO public.django_migrations (id, app, name, applied) VALUES (4, 'admin', '0002_logentry_remove_auto_add', '2024-12-17 19:55:15.236832-05');
INSERT INTO public.django_migrations (id, app, name, applied) VALUES (5, 'admin', '0003_logentry_add_action_flag_choices', '2024-12-17 19:55:15.244385-05');
INSERT INTO public.django_migrations (id, app, name, applied) VALUES (6, 'contenttypes', '0002_remove_content_type_name', '2024-12-17 19:55:15.262545-05');
INSERT INTO public.django_migrations (id, app, name, applied) VALUES (7, 'auth', '0002_alter_permission_name_max_length', '2024-12-17 19:55:15.271813-05');
INSERT INTO public.django_migrations (id, app, name, applied) VALUES (8, 'auth', '0003_alter_user_email_max_length', '2024-12-17 19:55:15.279856-05');
INSERT INTO public.django_migrations (id, app, name, applied) VALUES (9, 'auth', '0004_alter_user_username_opts', '2024-12-17 19:55:15.288006-05');
INSERT INTO public.django_migrations (id, app, name, applied) VALUES (10, 'auth', '0005_alter_user_last_login_null', '2024-12-17 19:55:15.300893-05');
INSERT INTO public.django_migrations (id, app, name, applied) VALUES (11, 'auth', '0006_require_contenttypes_0002', '2024-12-17 19:55:15.303025-05');
INSERT INTO public.django_migrations (id, app, name, applied) VALUES (12, 'auth', '0007_alter_validators_add_error_messages', '2024-12-17 19:55:15.309691-05');
INSERT INTO public.django_migrations (id, app, name, applied) VALUES (13, 'auth', '0008_alter_user_username_max_length', '2024-12-17 19:55:15.326548-05');
INSERT INTO public.django_migrations (id, app, name, applied) VALUES (14, 'auth', '0009_alter_user_last_name_max_length', '2024-12-17 19:55:15.334725-05');
INSERT INTO public.django_migrations (id, app, name, applied) VALUES (15, 'auth', '0010_alter_group_name_max_length', '2024-12-17 19:55:15.343688-05');
INSERT INTO public.django_migrations (id, app, name, applied) VALUES (16, 'auth', '0011_update_proxy_permissions', '2024-12-17 19:55:15.352164-05');
INSERT INTO public.django_migrations (id, app, name, applied) VALUES (17, 'auth', '0012_alter_user_first_name_max_length', '2024-12-17 19:55:15.360553-05');
INSERT INTO public.django_migrations (id, app, name, applied) VALUES (18, 'empleados', '0001_initial', '2024-12-17 19:55:15.447935-05');
INSERT INTO public.django_migrations (id, app, name, applied) VALUES (19, 'sessions', '0001_initial', '2024-12-17 19:55:15.461758-05');
INSERT INTO public.django_migrations (id, app, name, applied) VALUES (20, 'auth', '0013_user_activo', '2024-12-17 20:58:50.115797-05');
INSERT INTO public.django_migrations (id, app, name, applied) VALUES (21, 'empleados', '0002_departamento_alter_empleado_aptitudes_and_more', '2024-12-17 20:58:50.188019-05');
INSERT INTO public.django_migrations (id, app, name, applied) VALUES (22, 'empleados', '0003_rolempleado_remove_logro_empleado_and_more', '2024-12-17 22:08:36.593722-05');
INSERT INTO public.django_migrations (id, app, name, applied) VALUES (23, 'empleados', '0004_evaluacion_evaluaciondetalle', '2024-12-18 22:16:02.287916-05');
INSERT INTO public.django_migrations (id, app, name, applied) VALUES (24, 'empleados', '0005_remove_evaluaciondetalle_concepto', '2024-12-20 18:02:17.297934-05');


--
-- TOC entry 5015 (class 0 OID 35688)
-- Dependencies: 237
-- Data for Name: django_session; Type: TABLE DATA; Schema: public; Owner: postgres
--

INSERT INTO public.django_session (session_key, session_data, expire_date) VALUES ('71jw1lqsi5jr1ennpvim2nen7wrc8w1c', '.eJxVjMEOwiAQRP-FsyGlS2nx6L3fQHYXkKqBpLQn479Lkx70OPPezFs43Lfk9hpWt3hxFUpcfjtCfoZ8AP_AfC-SS97WheShyJNWORcfXrfT_TtIWFNbBwsD9xBHggkVWEvMqIGpJUst6ACGrImgOj1OprcUkeMQvIFORRafL_ZnOJI:1tOmEl:np3qTeRt4VxyE14zUyj3gCvtLoo3JSlfVsDU8hB-FsI', '2025-01-03 18:16:51.691798-05');


--
-- TOC entry 5012 (class 0 OID 35622)
-- Dependencies: 234
-- Data for Name: empleados_criterioevaluacion; Type: TABLE DATA; Schema: public; Owner: postgres
--

INSERT INTO public.empleados_criterioevaluacion (id, rol_id, denominacion) VALUES (1, 1, 'buen jefe');
INSERT INTO public.empleados_criterioevaluacion (id, rol_id, denominacion) VALUES (2, 1, 'organizado');
INSERT INTO public.empleados_criterioevaluacion (id, rol_id, denominacion) VALUES (3, 1, 'Control de Tareas');


--
-- TOC entry 5017 (class 0 OID 35700)
-- Dependencies: 239
-- Data for Name: empleados_departamento; Type: TABLE DATA; Schema: public; Owner: postgres
--

INSERT INTO public.empleados_departamento (id, denominacion) VALUES (1, 'soluciones de salud');
INSERT INTO public.empleados_departamento (id, denominacion) VALUES (2, 'juegos en 3d');


--
-- TOC entry 5014 (class 0 OID 35630)
-- Dependencies: 236
-- Data for Name: empleados_empleado; Type: TABLE DATA; Schema: public; Owner: postgres
--

INSERT INTO public.empleados_empleado (id, departamento_id, habilidades, aptitudes, competencias, user_id, rol_id) VALUES (1, NULL, 'asadasdsad', 'asd', 'asasd', 2, NULL);
INSERT INTO public.empleados_empleado (id, departamento_id, habilidades, aptitudes, competencias, user_id, rol_id) VALUES (2, 1, 'ds', 'sdff', 'sfdsdfdf', 3, 1);
INSERT INTO public.empleados_empleado (id, departamento_id, habilidades, aptitudes, competencias, user_id, rol_id) VALUES (3, 1, 'Organizado', 'Puntual', 'Dirigir bien al equipo', 4, 1);
INSERT INTO public.empleados_empleado (id, departamento_id, habilidades, aptitudes, competencias, user_id, rol_id) VALUES (4, 1, 'rapido', 'Codigo limpio', 'python', 5, 2);


--
-- TOC entry 5021 (class 0 OID 35742)
-- Dependencies: 243
-- Data for Name: empleados_evaluacion; Type: TABLE DATA; Schema: public; Owner: postgres
--

INSERT INTO public.empleados_evaluacion (id, fecha, mes_inicial, mes_final, autor_id) VALUES (3, '2024-12-20', '2024-12-04', '2024-12-27', 1);


--
-- TOC entry 5023 (class 0 OID 35748)
-- Dependencies: 245
-- Data for Name: empleados_evaluaciondetalle; Type: TABLE DATA; Schema: public; Owner: postgres
--

INSERT INTO public.empleados_evaluaciondetalle (id, puntuacion, criterio_id, empleado_id, evaluacion_id) VALUES (5, 3, 1, 3, 3);
INSERT INTO public.empleados_evaluaciondetalle (id, puntuacion, criterio_id, empleado_id, evaluacion_id) VALUES (6, 3, 2, 3, 3);
INSERT INTO public.empleados_evaluaciondetalle (id, puntuacion, criterio_id, empleado_id, evaluacion_id) VALUES (7, 4, 3, 3, 3);
INSERT INTO public.empleados_evaluaciondetalle (id, puntuacion, criterio_id, empleado_id, evaluacion_id) VALUES (8, 3, 1, 4, 3);
INSERT INTO public.empleados_evaluaciondetalle (id, puntuacion, criterio_id, empleado_id, evaluacion_id) VALUES (9, 2, 2, 4, 3);
INSERT INTO public.empleados_evaluaciondetalle (id, puntuacion, criterio_id, empleado_id, evaluacion_id) VALUES (10, 4, 3, 4, 3);


--
-- TOC entry 5019 (class 0 OID 35719)
-- Dependencies: 241
-- Data for Name: empleados_rolempleado; Type: TABLE DATA; Schema: public; Owner: postgres
--

INSERT INTO public.empleados_rolempleado (id, denominacion) VALUES (1, 'lider');
INSERT INTO public.empleados_rolempleado (id, denominacion) VALUES (2, 'programador');


--
-- TOC entry 5029 (class 0 OID 0)
-- Dependencies: 221
-- Name: auth_group_id_seq; Type: SEQUENCE SET; Schema: public; Owner: postgres
--

SELECT pg_catalog.setval('public.auth_group_id_seq', 1, false);


--
-- TOC entry 5030 (class 0 OID 0)
-- Dependencies: 223
-- Name: auth_group_permissions_id_seq; Type: SEQUENCE SET; Schema: public; Owner: postgres
--

SELECT pg_catalog.setval('public.auth_group_permissions_id_seq', 1, false);


--
-- TOC entry 5031 (class 0 OID 0)
-- Dependencies: 219
-- Name: auth_permission_id_seq; Type: SEQUENCE SET; Schema: public; Owner: postgres
--

SELECT pg_catalog.setval('public.auth_permission_id_seq', 56, true);


--
-- TOC entry 5032 (class 0 OID 0)
-- Dependencies: 227
-- Name: auth_user_groups_id_seq; Type: SEQUENCE SET; Schema: public; Owner: postgres
--

SELECT pg_catalog.setval('public.auth_user_groups_id_seq', 1, false);


--
-- TOC entry 5033 (class 0 OID 0)
-- Dependencies: 225
-- Name: auth_user_id_seq; Type: SEQUENCE SET; Schema: public; Owner: postgres
--

SELECT pg_catalog.setval('public.auth_user_id_seq', 5, true);


--
-- TOC entry 5034 (class 0 OID 0)
-- Dependencies: 229
-- Name: auth_user_user_permissions_id_seq; Type: SEQUENCE SET; Schema: public; Owner: postgres
--

SELECT pg_catalog.setval('public.auth_user_user_permissions_id_seq', 1, false);


--
-- TOC entry 5035 (class 0 OID 0)
-- Dependencies: 231
-- Name: django_admin_log_id_seq; Type: SEQUENCE SET; Schema: public; Owner: postgres
--

SELECT pg_catalog.setval('public.django_admin_log_id_seq', 1, false);


--
-- TOC entry 5036 (class 0 OID 0)
-- Dependencies: 217
-- Name: django_content_type_id_seq; Type: SEQUENCE SET; Schema: public; Owner: postgres
--

SELECT pg_catalog.setval('public.django_content_type_id_seq', 14, true);


--
-- TOC entry 5037 (class 0 OID 0)
-- Dependencies: 215
-- Name: django_migrations_id_seq; Type: SEQUENCE SET; Schema: public; Owner: postgres
--

SELECT pg_catalog.setval('public.django_migrations_id_seq', 24, true);


--
-- TOC entry 5038 (class 0 OID 0)
-- Dependencies: 233
-- Name: empleados_criterioevaluacion_id_seq; Type: SEQUENCE SET; Schema: public; Owner: postgres
--

SELECT pg_catalog.setval('public.empleados_criterioevaluacion_id_seq', 3, true);


--
-- TOC entry 5039 (class 0 OID 0)
-- Dependencies: 238
-- Name: empleados_departamento_id_seq; Type: SEQUENCE SET; Schema: public; Owner: postgres
--

SELECT pg_catalog.setval('public.empleados_departamento_id_seq', 2, true);


--
-- TOC entry 5040 (class 0 OID 0)
-- Dependencies: 235
-- Name: empleados_empleado_id_seq; Type: SEQUENCE SET; Schema: public; Owner: postgres
--

SELECT pg_catalog.setval('public.empleados_empleado_id_seq', 4, true);


--
-- TOC entry 5041 (class 0 OID 0)
-- Dependencies: 242
-- Name: empleados_evaluacion_id_seq; Type: SEQUENCE SET; Schema: public; Owner: postgres
--

SELECT pg_catalog.setval('public.empleados_evaluacion_id_seq', 3, true);


--
-- TOC entry 5042 (class 0 OID 0)
-- Dependencies: 244
-- Name: empleados_evaluaciondetalle_id_seq; Type: SEQUENCE SET; Schema: public; Owner: postgres
--

SELECT pg_catalog.setval('public.empleados_evaluaciondetalle_id_seq', 10, true);


--
-- TOC entry 5043 (class 0 OID 0)
-- Dependencies: 240
-- Name: empleados_rolempleado_id_seq; Type: SEQUENCE SET; Schema: public; Owner: postgres
--

SELECT pg_catalog.setval('public.empleados_rolempleado_id_seq', 2, true);


--
-- TOC entry 4776 (class 2606 OID 35619)
-- Name: auth_group auth_group_name_key; Type: CONSTRAINT; Schema: public; Owner: postgres
--

ALTER TABLE ONLY public.auth_group
    ADD CONSTRAINT auth_group_name_key UNIQUE (name);


--
-- TOC entry 4781 (class 2606 OID 35550)
-- Name: auth_group_permissions auth_group_permissions_group_id_permission_id_0cd325b0_uniq; Type: CONSTRAINT; Schema: public; Owner: postgres
--

ALTER TABLE ONLY public.auth_group_permissions
    ADD CONSTRAINT auth_group_permissions_group_id_permission_id_0cd325b0_uniq UNIQUE (group_id, permission_id);


--
-- TOC entry 4784 (class 2606 OID 35519)
-- Name: auth_group_permissions auth_group_permissions_pkey; Type: CONSTRAINT; Schema: public; Owner: postgres
--

ALTER TABLE ONLY public.auth_group_permissions
    ADD CONSTRAINT auth_group_permissions_pkey PRIMARY KEY (id);


--
-- TOC entry 4778 (class 2606 OID 35511)
-- Name: auth_group auth_group_pkey; Type: CONSTRAINT; Schema: public; Owner: postgres
--

ALTER TABLE ONLY public.auth_group
    ADD CONSTRAINT auth_group_pkey PRIMARY KEY (id);


--
-- TOC entry 4771 (class 2606 OID 35541)
-- Name: auth_permission auth_permission_content_type_id_codename_01ab375a_uniq; Type: CONSTRAINT; Schema: public; Owner: postgres
--

ALTER TABLE ONLY public.auth_permission
    ADD CONSTRAINT auth_permission_content_type_id_codename_01ab375a_uniq UNIQUE (content_type_id, codename);


--
-- TOC entry 4773 (class 2606 OID 35505)
-- Name: auth_permission auth_permission_pkey; Type: CONSTRAINT; Schema: public; Owner: postgres
--

ALTER TABLE ONLY public.auth_permission
    ADD CONSTRAINT auth_permission_pkey PRIMARY KEY (id);


--
-- TOC entry 4792 (class 2606 OID 35533)
-- Name: auth_user_groups auth_user_groups_pkey; Type: CONSTRAINT; Schema: public; Owner: postgres
--

ALTER TABLE ONLY public.auth_user_groups
    ADD CONSTRAINT auth_user_groups_pkey PRIMARY KEY (id);


--
-- TOC entry 4795 (class 2606 OID 35565)
-- Name: auth_user_groups auth_user_groups_user_id_group_id_94350c0c_uniq; Type: CONSTRAINT; Schema: public; Owner: postgres
--

ALTER TABLE ONLY public.auth_user_groups
    ADD CONSTRAINT auth_user_groups_user_id_group_id_94350c0c_uniq UNIQUE (user_id, group_id);


--
-- TOC entry 4786 (class 2606 OID 35525)
-- Name: auth_user auth_user_pkey; Type: CONSTRAINT; Schema: public; Owner: postgres
--

ALTER TABLE ONLY public.auth_user
    ADD CONSTRAINT auth_user_pkey PRIMARY KEY (id);


--
-- TOC entry 4798 (class 2606 OID 35539)
-- Name: auth_user_user_permissions auth_user_user_permissions_pkey; Type: CONSTRAINT; Schema: public; Owner: postgres
--

ALTER TABLE ONLY public.auth_user_user_permissions
    ADD CONSTRAINT auth_user_user_permissions_pkey PRIMARY KEY (id);


--
-- TOC entry 4801 (class 2606 OID 35579)
-- Name: auth_user_user_permissions auth_user_user_permissions_user_id_permission_id_14a6b632_uniq; Type: CONSTRAINT; Schema: public; Owner: postgres
--

ALTER TABLE ONLY public.auth_user_user_permissions
    ADD CONSTRAINT auth_user_user_permissions_user_id_permission_id_14a6b632_uniq UNIQUE (user_id, permission_id);


--
-- TOC entry 4789 (class 2606 OID 35614)
-- Name: auth_user auth_user_username_key; Type: CONSTRAINT; Schema: public; Owner: postgres
--

ALTER TABLE ONLY public.auth_user
    ADD CONSTRAINT auth_user_username_key UNIQUE (username);


--
-- TOC entry 4804 (class 2606 OID 35600)
-- Name: django_admin_log django_admin_log_pkey; Type: CONSTRAINT; Schema: public; Owner: postgres
--

ALTER TABLE ONLY public.django_admin_log
    ADD CONSTRAINT django_admin_log_pkey PRIMARY KEY (id);


--
-- TOC entry 4766 (class 2606 OID 35499)
-- Name: django_content_type django_content_type_app_label_model_76bd3d3b_uniq; Type: CONSTRAINT; Schema: public; Owner: postgres
--

ALTER TABLE ONLY public.django_content_type
    ADD CONSTRAINT django_content_type_app_label_model_76bd3d3b_uniq UNIQUE (app_label, model);


--
-- TOC entry 4768 (class 2606 OID 35497)
-- Name: django_content_type django_content_type_pkey; Type: CONSTRAINT; Schema: public; Owner: postgres
--

ALTER TABLE ONLY public.django_content_type
    ADD CONSTRAINT django_content_type_pkey PRIMARY KEY (id);


--
-- TOC entry 4764 (class 2606 OID 35491)
-- Name: django_migrations django_migrations_pkey; Type: CONSTRAINT; Schema: public; Owner: postgres
--

ALTER TABLE ONLY public.django_migrations
    ADD CONSTRAINT django_migrations_pkey PRIMARY KEY (id);


--
-- TOC entry 4817 (class 2606 OID 35694)
-- Name: django_session django_session_pkey; Type: CONSTRAINT; Schema: public; Owner: postgres
--

ALTER TABLE ONLY public.django_session
    ADD CONSTRAINT django_session_pkey PRIMARY KEY (session_key);


--
-- TOC entry 4807 (class 2606 OID 35628)
-- Name: empleados_criterioevaluacion empleados_criterioevaluacion_pkey; Type: CONSTRAINT; Schema: public; Owner: postgres
--

ALTER TABLE ONLY public.empleados_criterioevaluacion
    ADD CONSTRAINT empleados_criterioevaluacion_pkey PRIMARY KEY (id);


--
-- TOC entry 4820 (class 2606 OID 35704)
-- Name: empleados_departamento empleados_departamento_pkey; Type: CONSTRAINT; Schema: public; Owner: postgres
--

ALTER TABLE ONLY public.empleados_departamento
    ADD CONSTRAINT empleados_departamento_pkey PRIMARY KEY (id);


--
-- TOC entry 4811 (class 2606 OID 35636)
-- Name: empleados_empleado empleados_empleado_pkey; Type: CONSTRAINT; Schema: public; Owner: postgres
--

ALTER TABLE ONLY public.empleados_empleado
    ADD CONSTRAINT empleados_empleado_pkey PRIMARY KEY (id);


--
-- TOC entry 4814 (class 2606 OID 35638)
-- Name: empleados_empleado empleados_empleado_user_id_key; Type: CONSTRAINT; Schema: public; Owner: postgres
--

ALTER TABLE ONLY public.empleados_empleado
    ADD CONSTRAINT empleados_empleado_user_id_key UNIQUE (user_id);


--
-- TOC entry 4825 (class 2606 OID 35746)
-- Name: empleados_evaluacion empleados_evaluacion_pkey; Type: CONSTRAINT; Schema: public; Owner: postgres
--

ALTER TABLE ONLY public.empleados_evaluacion
    ADD CONSTRAINT empleados_evaluacion_pkey PRIMARY KEY (id);


--
-- TOC entry 4827 (class 2606 OID 35762)
-- Name: empleados_evaluaciondetalle empleados_evaluaciondeta_evaluacion_id_empleado_i_e748aaba_uniq; Type: CONSTRAINT; Schema: public; Owner: postgres
--

ALTER TABLE ONLY public.empleados_evaluaciondetalle
    ADD CONSTRAINT empleados_evaluaciondeta_evaluacion_id_empleado_i_e748aaba_uniq UNIQUE (evaluacion_id, empleado_id, criterio_id);


--
-- TOC entry 4832 (class 2606 OID 35754)
-- Name: empleados_evaluaciondetalle empleados_evaluaciondetalle_pkey; Type: CONSTRAINT; Schema: public; Owner: postgres
--

ALTER TABLE ONLY public.empleados_evaluaciondetalle
    ADD CONSTRAINT empleados_evaluaciondetalle_pkey PRIMARY KEY (id);


--
-- TOC entry 4822 (class 2606 OID 35723)
-- Name: empleados_rolempleado empleados_rolempleado_pkey; Type: CONSTRAINT; Schema: public; Owner: postgres
--

ALTER TABLE ONLY public.empleados_rolempleado
    ADD CONSTRAINT empleados_rolempleado_pkey PRIMARY KEY (id);


--
-- TOC entry 4774 (class 1259 OID 35620)
-- Name: auth_group_name_a6ea08ec_like; Type: INDEX; Schema: public; Owner: postgres
--

CREATE INDEX auth_group_name_a6ea08ec_like ON public.auth_group USING btree (name varchar_pattern_ops);


--
-- TOC entry 4779 (class 1259 OID 35561)
-- Name: auth_group_permissions_group_id_b120cbf9; Type: INDEX; Schema: public; Owner: postgres
--

CREATE INDEX auth_group_permissions_group_id_b120cbf9 ON public.auth_group_permissions USING btree (group_id);


--
-- TOC entry 4782 (class 1259 OID 35562)
-- Name: auth_group_permissions_permission_id_84c5c92e; Type: INDEX; Schema: public; Owner: postgres
--

CREATE INDEX auth_group_permissions_permission_id_84c5c92e ON public.auth_group_permissions USING btree (permission_id);


--
-- TOC entry 4769 (class 1259 OID 35547)
-- Name: auth_permission_content_type_id_2f476e4b; Type: INDEX; Schema: public; Owner: postgres
--

CREATE INDEX auth_permission_content_type_id_2f476e4b ON public.auth_permission USING btree (content_type_id);


--
-- TOC entry 4790 (class 1259 OID 35577)
-- Name: auth_user_groups_group_id_97559544; Type: INDEX; Schema: public; Owner: postgres
--

CREATE INDEX auth_user_groups_group_id_97559544 ON public.auth_user_groups USING btree (group_id);


--
-- TOC entry 4793 (class 1259 OID 35576)
-- Name: auth_user_groups_user_id_6a12ed8b; Type: INDEX; Schema: public; Owner: postgres
--

CREATE INDEX auth_user_groups_user_id_6a12ed8b ON public.auth_user_groups USING btree (user_id);


--
-- TOC entry 4796 (class 1259 OID 35591)
-- Name: auth_user_user_permissions_permission_id_1fbb5f2c; Type: INDEX; Schema: public; Owner: postgres
--

CREATE INDEX auth_user_user_permissions_permission_id_1fbb5f2c ON public.auth_user_user_permissions USING btree (permission_id);


--
-- TOC entry 4799 (class 1259 OID 35590)
-- Name: auth_user_user_permissions_user_id_a95ead1b; Type: INDEX; Schema: public; Owner: postgres
--

CREATE INDEX auth_user_user_permissions_user_id_a95ead1b ON public.auth_user_user_permissions USING btree (user_id);


--
-- TOC entry 4787 (class 1259 OID 35615)
-- Name: auth_user_username_6821ab7c_like; Type: INDEX; Schema: public; Owner: postgres
--

CREATE INDEX auth_user_username_6821ab7c_like ON public.auth_user USING btree (username varchar_pattern_ops);


--
-- TOC entry 4802 (class 1259 OID 35611)
-- Name: django_admin_log_content_type_id_c4bce8eb; Type: INDEX; Schema: public; Owner: postgres
--

CREATE INDEX django_admin_log_content_type_id_c4bce8eb ON public.django_admin_log USING btree (content_type_id);


--
-- TOC entry 4805 (class 1259 OID 35612)
-- Name: django_admin_log_user_id_c564eba6; Type: INDEX; Schema: public; Owner: postgres
--

CREATE INDEX django_admin_log_user_id_c564eba6 ON public.django_admin_log USING btree (user_id);


--
-- TOC entry 4815 (class 1259 OID 35696)
-- Name: django_session_expire_date_a5c62663; Type: INDEX; Schema: public; Owner: postgres
--

CREATE INDEX django_session_expire_date_a5c62663 ON public.django_session USING btree (expire_date);


--
-- TOC entry 4818 (class 1259 OID 35695)
-- Name: django_session_session_key_c0390e0f_like; Type: INDEX; Schema: public; Owner: postgres
--

CREATE INDEX django_session_session_key_c0390e0f_like ON public.django_session USING btree (session_key varchar_pattern_ops);


--
-- TOC entry 4808 (class 1259 OID 35734)
-- Name: empleados_criterioevaluacion_rol_id_b3091927; Type: INDEX; Schema: public; Owner: postgres
--

CREATE INDEX empleados_criterioevaluacion_rol_id_b3091927 ON public.empleados_criterioevaluacion USING btree (rol_id);


--
-- TOC entry 4809 (class 1259 OID 35712)
-- Name: empleados_empleado_departamento_id_6d9e6a47; Type: INDEX; Schema: public; Owner: postgres
--

CREATE INDEX empleados_empleado_departamento_id_6d9e6a47 ON public.empleados_empleado USING btree (departamento_id);


--
-- TOC entry 4812 (class 1259 OID 35740)
-- Name: empleados_empleado_rol_id_79bec42a; Type: INDEX; Schema: public; Owner: postgres
--

CREATE INDEX empleados_empleado_rol_id_79bec42a ON public.empleados_empleado USING btree (rol_id);


--
-- TOC entry 4823 (class 1259 OID 35760)
-- Name: empleados_evaluacion_autor_id_e5d86ac9; Type: INDEX; Schema: public; Owner: postgres
--

CREATE INDEX empleados_evaluacion_autor_id_e5d86ac9 ON public.empleados_evaluacion USING btree (autor_id);


--
-- TOC entry 4828 (class 1259 OID 35778)
-- Name: empleados_evaluaciondetalle_criterio_id_d5226b7d; Type: INDEX; Schema: public; Owner: postgres
--

CREATE INDEX empleados_evaluaciondetalle_criterio_id_d5226b7d ON public.empleados_evaluaciondetalle USING btree (criterio_id);


--
-- TOC entry 4829 (class 1259 OID 35779)
-- Name: empleados_evaluaciondetalle_empleado_id_e251adbf; Type: INDEX; Schema: public; Owner: postgres
--

CREATE INDEX empleados_evaluaciondetalle_empleado_id_e251adbf ON public.empleados_evaluaciondetalle USING btree (empleado_id);


--
-- TOC entry 4830 (class 1259 OID 35780)
-- Name: empleados_evaluaciondetalle_evaluacion_id_7fcda409; Type: INDEX; Schema: public; Owner: postgres
--

CREATE INDEX empleados_evaluaciondetalle_evaluacion_id_7fcda409 ON public.empleados_evaluaciondetalle USING btree (evaluacion_id);


--
-- TOC entry 4834 (class 2606 OID 35556)
-- Name: auth_group_permissions auth_group_permissio_permission_id_84c5c92e_fk_auth_perm; Type: FK CONSTRAINT; Schema: public; Owner: postgres
--

ALTER TABLE ONLY public.auth_group_permissions
    ADD CONSTRAINT auth_group_permissio_permission_id_84c5c92e_fk_auth_perm FOREIGN KEY (permission_id) REFERENCES public.auth_permission(id) DEFERRABLE INITIALLY DEFERRED;


--
-- TOC entry 4835 (class 2606 OID 35551)
-- Name: auth_group_permissions auth_group_permissions_group_id_b120cbf9_fk_auth_group_id; Type: FK CONSTRAINT; Schema: public; Owner: postgres
--

ALTER TABLE ONLY public.auth_group_permissions
    ADD CONSTRAINT auth_group_permissions_group_id_b120cbf9_fk_auth_group_id FOREIGN KEY (group_id) REFERENCES public.auth_group(id) DEFERRABLE INITIALLY DEFERRED;


--
-- TOC entry 4833 (class 2606 OID 35542)
-- Name: auth_permission auth_permission_content_type_id_2f476e4b_fk_django_co; Type: FK CONSTRAINT; Schema: public; Owner: postgres
--

ALTER TABLE ONLY public.auth_permission
    ADD CONSTRAINT auth_permission_content_type_id_2f476e4b_fk_django_co FOREIGN KEY (content_type_id) REFERENCES public.django_content_type(id) DEFERRABLE INITIALLY DEFERRED;


--
-- TOC entry 4836 (class 2606 OID 35571)
-- Name: auth_user_groups auth_user_groups_group_id_97559544_fk_auth_group_id; Type: FK CONSTRAINT; Schema: public; Owner: postgres
--

ALTER TABLE ONLY public.auth_user_groups
    ADD CONSTRAINT auth_user_groups_group_id_97559544_fk_auth_group_id FOREIGN KEY (group_id) REFERENCES public.auth_group(id) DEFERRABLE INITIALLY DEFERRED;


--
-- TOC entry 4837 (class 2606 OID 35566)
-- Name: auth_user_groups auth_user_groups_user_id_6a12ed8b_fk_auth_user_id; Type: FK CONSTRAINT; Schema: public; Owner: postgres
--

ALTER TABLE ONLY public.auth_user_groups
    ADD CONSTRAINT auth_user_groups_user_id_6a12ed8b_fk_auth_user_id FOREIGN KEY (user_id) REFERENCES public.auth_user(id) DEFERRABLE INITIALLY DEFERRED;


--
-- TOC entry 4838 (class 2606 OID 35585)
-- Name: auth_user_user_permissions auth_user_user_permi_permission_id_1fbb5f2c_fk_auth_perm; Type: FK CONSTRAINT; Schema: public; Owner: postgres
--

ALTER TABLE ONLY public.auth_user_user_permissions
    ADD CONSTRAINT auth_user_user_permi_permission_id_1fbb5f2c_fk_auth_perm FOREIGN KEY (permission_id) REFERENCES public.auth_permission(id) DEFERRABLE INITIALLY DEFERRED;


--
-- TOC entry 4839 (class 2606 OID 35580)
-- Name: auth_user_user_permissions auth_user_user_permissions_user_id_a95ead1b_fk_auth_user_id; Type: FK CONSTRAINT; Schema: public; Owner: postgres
--

ALTER TABLE ONLY public.auth_user_user_permissions
    ADD CONSTRAINT auth_user_user_permissions_user_id_a95ead1b_fk_auth_user_id FOREIGN KEY (user_id) REFERENCES public.auth_user(id) DEFERRABLE INITIALLY DEFERRED;


--
-- TOC entry 4840 (class 2606 OID 35601)
-- Name: django_admin_log django_admin_log_content_type_id_c4bce8eb_fk_django_co; Type: FK CONSTRAINT; Schema: public; Owner: postgres
--

ALTER TABLE ONLY public.django_admin_log
    ADD CONSTRAINT django_admin_log_content_type_id_c4bce8eb_fk_django_co FOREIGN KEY (content_type_id) REFERENCES public.django_content_type(id) DEFERRABLE INITIALLY DEFERRED;


--
-- TOC entry 4841 (class 2606 OID 35606)
-- Name: django_admin_log django_admin_log_user_id_c564eba6_fk_auth_user_id; Type: FK CONSTRAINT; Schema: public; Owner: postgres
--

ALTER TABLE ONLY public.django_admin_log
    ADD CONSTRAINT django_admin_log_user_id_c564eba6_fk_auth_user_id FOREIGN KEY (user_id) REFERENCES public.auth_user(id) DEFERRABLE INITIALLY DEFERRED;


--
-- TOC entry 4842 (class 2606 OID 35735)
-- Name: empleados_criterioevaluacion empleados_criterioev_rol_id_b3091927_fk_empleados; Type: FK CONSTRAINT; Schema: public; Owner: postgres
--

ALTER TABLE ONLY public.empleados_criterioevaluacion
    ADD CONSTRAINT empleados_criterioev_rol_id_b3091927_fk_empleados FOREIGN KEY (rol_id) REFERENCES public.empleados_rolempleado(id) DEFERRABLE INITIALLY DEFERRED;


--
-- TOC entry 4843 (class 2606 OID 35713)
-- Name: empleados_empleado empleados_empleado_departamento_id_6d9e6a47_fk_empleados; Type: FK CONSTRAINT; Schema: public; Owner: postgres
--

ALTER TABLE ONLY public.empleados_empleado
    ADD CONSTRAINT empleados_empleado_departamento_id_6d9e6a47_fk_empleados FOREIGN KEY (departamento_id) REFERENCES public.empleados_departamento(id) DEFERRABLE INITIALLY DEFERRED;


--
-- TOC entry 4844 (class 2606 OID 35725)
-- Name: empleados_empleado empleados_empleado_rol_id_79bec42a_fk_empleados_rolempleado_id; Type: FK CONSTRAINT; Schema: public; Owner: postgres
--

ALTER TABLE ONLY public.empleados_empleado
    ADD CONSTRAINT empleados_empleado_rol_id_79bec42a_fk_empleados_rolempleado_id FOREIGN KEY (rol_id) REFERENCES public.empleados_rolempleado(id) DEFERRABLE INITIALLY DEFERRED;


--
-- TOC entry 4845 (class 2606 OID 35659)
-- Name: empleados_empleado empleados_empleado_user_id_c1fe40d2_fk_auth_user_id; Type: FK CONSTRAINT; Schema: public; Owner: postgres
--

ALTER TABLE ONLY public.empleados_empleado
    ADD CONSTRAINT empleados_empleado_user_id_c1fe40d2_fk_auth_user_id FOREIGN KEY (user_id) REFERENCES public.auth_user(id) DEFERRABLE INITIALLY DEFERRED;


--
-- TOC entry 4846 (class 2606 OID 35755)
-- Name: empleados_evaluacion empleados_evaluacion_autor_id_e5d86ac9_fk_auth_user_id; Type: FK CONSTRAINT; Schema: public; Owner: postgres
--

ALTER TABLE ONLY public.empleados_evaluacion
    ADD CONSTRAINT empleados_evaluacion_autor_id_e5d86ac9_fk_auth_user_id FOREIGN KEY (autor_id) REFERENCES public.auth_user(id) DEFERRABLE INITIALLY DEFERRED;


--
-- TOC entry 4847 (class 2606 OID 35763)
-- Name: empleados_evaluaciondetalle empleados_evaluacion_criterio_id_d5226b7d_fk_empleados; Type: FK CONSTRAINT; Schema: public; Owner: postgres
--

ALTER TABLE ONLY public.empleados_evaluaciondetalle
    ADD CONSTRAINT empleados_evaluacion_criterio_id_d5226b7d_fk_empleados FOREIGN KEY (criterio_id) REFERENCES public.empleados_criterioevaluacion(id) DEFERRABLE INITIALLY DEFERRED;


--
-- TOC entry 4848 (class 2606 OID 35768)
-- Name: empleados_evaluaciondetalle empleados_evaluacion_empleado_id_e251adbf_fk_empleados; Type: FK CONSTRAINT; Schema: public; Owner: postgres
--

ALTER TABLE ONLY public.empleados_evaluaciondetalle
    ADD CONSTRAINT empleados_evaluacion_empleado_id_e251adbf_fk_empleados FOREIGN KEY (empleado_id) REFERENCES public.empleados_empleado(id) DEFERRABLE INITIALLY DEFERRED;


--
-- TOC entry 4849 (class 2606 OID 35773)
-- Name: empleados_evaluaciondetalle empleados_evaluacion_evaluacion_id_7fcda409_fk_empleados; Type: FK CONSTRAINT; Schema: public; Owner: postgres
--

ALTER TABLE ONLY public.empleados_evaluaciondetalle
    ADD CONSTRAINT empleados_evaluacion_evaluacion_id_7fcda409_fk_empleados FOREIGN KEY (evaluacion_id) REFERENCES public.empleados_evaluacion(id) DEFERRABLE INITIALLY DEFERRED;


-- Completed on 2024-12-20 22:17:25

--
-- PostgreSQL database dump complete
--

